-- phpMyAdmin SQL Dump
-- version 2.8.0.1
-- http://www.phpmyadmin.net
-- 
-- Host: custsql-ipg07.eigbox.net
-- Generation Time: Jan 30, 2016 at 09:38 AM
-- Server version: 5.5.43
-- PHP Version: 4.4.9
-- 
-- Database: `workers`
-- 

-- --------------------------------------------------------

-- 
-- Table structure for table `shifts`
-- 

CREATE TABLE `shifts` (
  `id` int(11) NOT NULL AUTO_INCREMENT,
  `name` varchar(50) NOT NULL,
  `color` varchar(7) NOT NULL,
  PRIMARY KEY (`id`)
) ENGINE=InnoDB AUTO_INCREMENT=42 DEFAULT CHARSET=latin1 AUTO_INCREMENT=42 ;

-- 
-- Dumping data for table `shifts`
-- 

INSERT INTO `shifts` VALUES (15, 'Day Off', '#99ffff');
INSERT INTO `shifts` VALUES (16, '9h - 19h', '#99cc00');
INSERT INTO `shifts` VALUES (17, '14h30 - 00h', '#ff0066');
INSERT INTO `shifts` VALUES (18, '19h - 05h30', '#cccc33');
INSERT INTO `shifts` VALUES (19, '00h - 09h', '#00ff00');
INSERT INTO `shifts` VALUES (20, 'Congé', '#666666');

-- --------------------------------------------------------

-- 
-- Table structure for table `time_table`
-- 

CREATE TABLE `time_table` (
  `worker_id` int(11) NOT NULL,
  `date` date NOT NULL,
  `shift_id` int(11) NOT NULL,
  PRIMARY KEY (`worker_id`,`date`)
) ENGINE=InnoDB DEFAULT CHARSET=latin1;

-- 
-- Dumping data for table `time_table`
-- 

INSERT INTO `time_table` VALUES (0, '0000-00-00', 0);
INSERT INTO `time_table` VALUES (12, '2015-12-28', 0);
INSERT INTO `time_table` VALUES (12, '2015-12-29', 0);
INSERT INTO `time_table` VALUES (12, '2015-12-30', 0);
INSERT INTO `time_table` VALUES (12, '2015-12-31', 0);
INSERT INTO `time_table` VALUES (12, '2016-01-01', 0);
INSERT INTO `time_table` VALUES (12, '2016-01-02', 0);
INSERT INTO `time_table` VALUES (12, '2016-01-03', 0);
INSERT INTO `time_table` VALUES (12, '2016-01-04', 0);
INSERT INTO `time_table` VALUES (12, '2016-01-05', 0);
INSERT INTO `time_table` VALUES (12, '2016-01-06', 0);
INSERT INTO `time_table` VALUES (12, '2016-01-07', 0);
INSERT INTO `time_table` VALUES (12, '2016-01-08', 0);
INSERT INTO `time_table` VALUES (12, '2016-01-09', 0);
INSERT INTO `time_table` VALUES (12, '2016-01-10', 0);
INSERT INTO `time_table` VALUES (12, '2016-01-11', 0);
INSERT INTO `time_table` VALUES (12, '2016-01-12', 0);
INSERT INTO `time_table` VALUES (12, '2016-01-13', 0);
INSERT INTO `time_table` VALUES (12, '2016-01-14', 0);
INSERT INTO `time_table` VALUES (12, '2016-01-15', 0);
INSERT INTO `time_table` VALUES (12, '2016-01-16', 0);
INSERT INTO `time_table` VALUES (12, '2016-01-17', 0);
INSERT INTO `time_table` VALUES (12, '2016-01-18', 0);
INSERT INTO `time_table` VALUES (12, '2016-01-19', 0);
INSERT INTO `time_table` VALUES (12, '2016-01-20', 0);
INSERT INTO `time_table` VALUES (12, '2016-01-21', 0);
INSERT INTO `time_table` VALUES (12, '2016-01-22', 0);
INSERT INTO `time_table` VALUES (12, '2016-01-23', 15);
INSERT INTO `time_table` VALUES (12, '2016-01-24', 0);
INSERT INTO `time_table` VALUES (12, '2016-01-25', 0);
INSERT INTO `time_table` VALUES (12, '2016-01-26', 0);
INSERT INTO `time_table` VALUES (12, '2016-01-27', 0);
INSERT INTO `time_table` VALUES (12, '2016-01-28', 0);
INSERT INTO `time_table` VALUES (12, '2016-01-29', 0);
INSERT INTO `time_table` VALUES (12, '2016-01-30', 0);
INSERT INTO `time_table` VALUES (12, '2016-01-31', 0);
INSERT INTO `time_table` VALUES (12, '2016-02-01', 0);
INSERT INTO `time_table` VALUES (12, '2016-02-02', 0);
INSERT INTO `time_table` VALUES (12, '2016-02-03', 0);
INSERT INTO `time_table` VALUES (12, '2016-02-04', 15);
INSERT INTO `time_table` VALUES (12, '2016-02-05', 0);
INSERT INTO `time_table` VALUES (12, '2016-02-06', 0);
INSERT INTO `time_table` VALUES (12, '2016-02-07', 0);
INSERT INTO `time_table` VALUES (12, '2016-02-08', 0);
INSERT INTO `time_table` VALUES (12, '2016-02-09', 0);
INSERT INTO `time_table` VALUES (12, '2016-02-10', 0);
INSERT INTO `time_table` VALUES (12, '2016-02-11', 0);
INSERT INTO `time_table` VALUES (12, '2016-02-12', 0);
INSERT INTO `time_table` VALUES (12, '2016-02-13', 0);
INSERT INTO `time_table` VALUES (12, '2016-02-14', 0);
INSERT INTO `time_table` VALUES (12, '2016-02-15', 0);
INSERT INTO `time_table` VALUES (12, '2016-02-16', 0);
INSERT INTO `time_table` VALUES (12, '2016-02-17', 0);
INSERT INTO `time_table` VALUES (12, '2016-02-18', 0);
INSERT INTO `time_table` VALUES (12, '2016-02-19', 0);
INSERT INTO `time_table` VALUES (12, '2016-02-20', 0);
INSERT INTO `time_table` VALUES (12, '2016-02-21', 0);
INSERT INTO `time_table` VALUES (12, '2016-03-07', 0);
INSERT INTO `time_table` VALUES (12, '2016-03-08', 0);
INSERT INTO `time_table` VALUES (12, '2016-03-09', 15);
INSERT INTO `time_table` VALUES (12, '2016-03-10', 0);
INSERT INTO `time_table` VALUES (12, '2016-03-11', 0);
INSERT INTO `time_table` VALUES (12, '2016-03-12', 0);
INSERT INTO `time_table` VALUES (12, '2016-03-13', 0);
INSERT INTO `time_table` VALUES (12, '2016-03-28', 0);
INSERT INTO `time_table` VALUES (12, '2016-03-29', 0);
INSERT INTO `time_table` VALUES (12, '2016-03-30', 0);
INSERT INTO `time_table` VALUES (12, '2016-03-31', 0);
INSERT INTO `time_table` VALUES (12, '2016-04-01', 0);
INSERT INTO `time_table` VALUES (12, '2016-04-02', 0);
INSERT INTO `time_table` VALUES (12, '2016-04-03', 0);
INSERT INTO `time_table` VALUES (13, '2015-12-28', 0);
INSERT INTO `time_table` VALUES (13, '2015-12-29', 0);
INSERT INTO `time_table` VALUES (13, '2015-12-30', 0);
INSERT INTO `time_table` VALUES (13, '2015-12-31', 0);
INSERT INTO `time_table` VALUES (13, '2016-01-01', 0);
INSERT INTO `time_table` VALUES (13, '2016-01-02', 0);
INSERT INTO `time_table` VALUES (13, '2016-01-03', 15);
INSERT INTO `time_table` VALUES (13, '2016-01-04', 0);
INSERT INTO `time_table` VALUES (13, '2016-01-05', 0);
INSERT INTO `time_table` VALUES (13, '2016-01-06', 0);
INSERT INTO `time_table` VALUES (13, '2016-01-07', 0);
INSERT INTO `time_table` VALUES (13, '2016-01-08', 0);
INSERT INTO `time_table` VALUES (13, '2016-01-09', 0);
INSERT INTO `time_table` VALUES (13, '2016-01-10', 0);
INSERT INTO `time_table` VALUES (13, '2016-01-11', 0);
INSERT INTO `time_table` VALUES (13, '2016-01-12', 0);
INSERT INTO `time_table` VALUES (13, '2016-01-13', 0);
INSERT INTO `time_table` VALUES (13, '2016-01-14', 0);
INSERT INTO `time_table` VALUES (13, '2016-01-15', 0);
INSERT INTO `time_table` VALUES (13, '2016-01-16', 0);
INSERT INTO `time_table` VALUES (13, '2016-01-17', 0);
INSERT INTO `time_table` VALUES (13, '2016-01-18', 0);
INSERT INTO `time_table` VALUES (13, '2016-01-19', 0);
INSERT INTO `time_table` VALUES (13, '2016-01-20', 0);
INSERT INTO `time_table` VALUES (13, '2016-01-21', 0);
INSERT INTO `time_table` VALUES (13, '2016-01-22', 0);
INSERT INTO `time_table` VALUES (13, '2016-01-23', 15);
INSERT INTO `time_table` VALUES (13, '2016-01-24', 0);
INSERT INTO `time_table` VALUES (13, '2016-01-25', 0);
INSERT INTO `time_table` VALUES (13, '2016-01-26', 0);
INSERT INTO `time_table` VALUES (13, '2016-01-27', 0);
INSERT INTO `time_table` VALUES (13, '2016-01-28', 0);
INSERT INTO `time_table` VALUES (13, '2016-01-29', 0);
INSERT INTO `time_table` VALUES (13, '2016-01-30', 0);
INSERT INTO `time_table` VALUES (13, '2016-01-31', 0);
INSERT INTO `time_table` VALUES (13, '2016-02-01', 20);
INSERT INTO `time_table` VALUES (13, '2016-02-02', 0);
INSERT INTO `time_table` VALUES (13, '2016-02-03', 0);
INSERT INTO `time_table` VALUES (13, '2016-02-04', 0);
INSERT INTO `time_table` VALUES (13, '2016-02-05', 0);
INSERT INTO `time_table` VALUES (13, '2016-02-06', 0);
INSERT INTO `time_table` VALUES (13, '2016-02-07', 0);
INSERT INTO `time_table` VALUES (13, '2016-02-08', 0);
INSERT INTO `time_table` VALUES (13, '2016-02-09', 0);
INSERT INTO `time_table` VALUES (13, '2016-02-10', 0);
INSERT INTO `time_table` VALUES (13, '2016-02-11', 0);
INSERT INTO `time_table` VALUES (13, '2016-02-12', 0);
INSERT INTO `time_table` VALUES (13, '2016-02-13', 0);
INSERT INTO `time_table` VALUES (13, '2016-02-14', 0);
INSERT INTO `time_table` VALUES (13, '2016-02-15', 0);
INSERT INTO `time_table` VALUES (13, '2016-02-16', 0);
INSERT INTO `time_table` VALUES (13, '2016-02-17', 0);
INSERT INTO `time_table` VALUES (13, '2016-02-18', 0);
INSERT INTO `time_table` VALUES (13, '2016-02-19', 0);
INSERT INTO `time_table` VALUES (13, '2016-02-20', 0);
INSERT INTO `time_table` VALUES (13, '2016-02-21', 0);
INSERT INTO `time_table` VALUES (13, '2016-03-07', 0);
INSERT INTO `time_table` VALUES (13, '2016-03-08', 0);
INSERT INTO `time_table` VALUES (13, '2016-03-09', 0);
INSERT INTO `time_table` VALUES (13, '2016-03-10', 0);
INSERT INTO `time_table` VALUES (13, '2016-03-11', 0);
INSERT INTO `time_table` VALUES (13, '2016-03-12', 0);
INSERT INTO `time_table` VALUES (13, '2016-03-13', 0);
INSERT INTO `time_table` VALUES (13, '2016-03-28', 0);
INSERT INTO `time_table` VALUES (13, '2016-03-29', 0);
INSERT INTO `time_table` VALUES (13, '2016-03-30', 0);
INSERT INTO `time_table` VALUES (13, '2016-03-31', 0);
INSERT INTO `time_table` VALUES (13, '2016-04-01', 0);
INSERT INTO `time_table` VALUES (13, '2016-04-02', 0);
INSERT INTO `time_table` VALUES (13, '2016-04-03', 0);
INSERT INTO `time_table` VALUES (14, '2015-12-28', 0);
INSERT INTO `time_table` VALUES (14, '2015-12-29', 18);
INSERT INTO `time_table` VALUES (14, '2015-12-30', 0);
INSERT INTO `time_table` VALUES (14, '2015-12-31', 0);
INSERT INTO `time_table` VALUES (14, '2016-01-01', 0);
INSERT INTO `time_table` VALUES (14, '2016-01-02', 0);
INSERT INTO `time_table` VALUES (14, '2016-01-03', 15);
INSERT INTO `time_table` VALUES (14, '2016-01-04', 0);
INSERT INTO `time_table` VALUES (14, '2016-01-05', 0);
INSERT INTO `time_table` VALUES (14, '2016-01-06', 0);
INSERT INTO `time_table` VALUES (14, '2016-01-07', 0);
INSERT INTO `time_table` VALUES (14, '2016-01-08', 19);
INSERT INTO `time_table` VALUES (14, '2016-01-09', 0);
INSERT INTO `time_table` VALUES (14, '2016-01-10', 0);
INSERT INTO `time_table` VALUES (14, '2016-01-11', 0);
INSERT INTO `time_table` VALUES (14, '2016-01-12', 0);
INSERT INTO `time_table` VALUES (14, '2016-01-13', 0);
INSERT INTO `time_table` VALUES (14, '2016-01-14', 0);
INSERT INTO `time_table` VALUES (14, '2016-01-15', 0);
INSERT INTO `time_table` VALUES (14, '2016-01-16', 0);
INSERT INTO `time_table` VALUES (14, '2016-01-17', 0);
INSERT INTO `time_table` VALUES (14, '2016-01-18', 0);
INSERT INTO `time_table` VALUES (14, '2016-01-19', 0);
INSERT INTO `time_table` VALUES (14, '2016-01-20', 0);
INSERT INTO `time_table` VALUES (14, '2016-01-21', 0);
INSERT INTO `time_table` VALUES (14, '2016-01-22', 0);
INSERT INTO `time_table` VALUES (14, '2016-01-23', 0);
INSERT INTO `time_table` VALUES (14, '2016-01-24', 0);
INSERT INTO `time_table` VALUES (14, '2016-01-25', 0);
INSERT INTO `time_table` VALUES (14, '2016-01-26', 0);
INSERT INTO `time_table` VALUES (14, '2016-01-27', 0);
INSERT INTO `time_table` VALUES (14, '2016-01-28', 0);
INSERT INTO `time_table` VALUES (14, '2016-01-29', 0);
INSERT INTO `time_table` VALUES (14, '2016-01-30', 0);
INSERT INTO `time_table` VALUES (14, '2016-01-31', 15);
INSERT INTO `time_table` VALUES (14, '2016-02-01', 0);
INSERT INTO `time_table` VALUES (14, '2016-02-02', 0);
INSERT INTO `time_table` VALUES (14, '2016-02-03', 0);
INSERT INTO `time_table` VALUES (14, '2016-02-04', 0);
INSERT INTO `time_table` VALUES (14, '2016-02-05', 0);
INSERT INTO `time_table` VALUES (14, '2016-02-06', 0);
INSERT INTO `time_table` VALUES (14, '2016-02-07', 0);
INSERT INTO `time_table` VALUES (14, '2016-02-08', 0);
INSERT INTO `time_table` VALUES (14, '2016-02-09', 0);
INSERT INTO `time_table` VALUES (14, '2016-02-10', 0);
INSERT INTO `time_table` VALUES (14, '2016-02-11', 0);
INSERT INTO `time_table` VALUES (14, '2016-02-12', 0);
INSERT INTO `time_table` VALUES (14, '2016-02-13', 0);
INSERT INTO `time_table` VALUES (14, '2016-02-14', 0);
INSERT INTO `time_table` VALUES (14, '2016-02-15', 0);
INSERT INTO `time_table` VALUES (14, '2016-02-16', 0);
INSERT INTO `time_table` VALUES (14, '2016-02-17', 0);
INSERT INTO `time_table` VALUES (14, '2016-02-18', 0);
INSERT INTO `time_table` VALUES (14, '2016-02-19', 0);
INSERT INTO `time_table` VALUES (14, '2016-02-20', 0);
INSERT INTO `time_table` VALUES (14, '2016-02-21', 0);
INSERT INTO `time_table` VALUES (14, '2016-03-07', 0);
INSERT INTO `time_table` VALUES (14, '2016-03-08', 0);
INSERT INTO `time_table` VALUES (14, '2016-03-09', 0);
INSERT INTO `time_table` VALUES (14, '2016-03-10', 0);
INSERT INTO `time_table` VALUES (14, '2016-03-11', 0);
INSERT INTO `time_table` VALUES (14, '2016-03-12', 0);
INSERT INTO `time_table` VALUES (14, '2016-03-13', 0);
INSERT INTO `time_table` VALUES (14, '2016-03-28', 0);
INSERT INTO `time_table` VALUES (14, '2016-03-29', 0);
INSERT INTO `time_table` VALUES (14, '2016-03-30', 0);
INSERT INTO `time_table` VALUES (14, '2016-03-31', 0);
INSERT INTO `time_table` VALUES (14, '2016-04-01', 0);
INSERT INTO `time_table` VALUES (14, '2016-04-02', 0);
INSERT INTO `time_table` VALUES (14, '2016-04-03', 0);
INSERT INTO `time_table` VALUES (15, '2015-12-28', 17);
INSERT INTO `time_table` VALUES (15, '2015-12-29', 0);
INSERT INTO `time_table` VALUES (15, '2015-12-30', 0);
INSERT INTO `time_table` VALUES (15, '2015-12-31', 0);
INSERT INTO `time_table` VALUES (15, '2016-01-01', 0);
INSERT INTO `time_table` VALUES (15, '2016-01-02', 16);
INSERT INTO `time_table` VALUES (15, '2016-01-03', 0);
INSERT INTO `time_table` VALUES (15, '2016-01-04', 16);
INSERT INTO `time_table` VALUES (15, '2016-01-05', 0);
INSERT INTO `time_table` VALUES (15, '2016-01-06', 0);
INSERT INTO `time_table` VALUES (15, '2016-01-07', 0);
INSERT INTO `time_table` VALUES (15, '2016-01-08', 0);
INSERT INTO `time_table` VALUES (15, '2016-01-09', 0);
INSERT INTO `time_table` VALUES (15, '2016-01-10', 0);
INSERT INTO `time_table` VALUES (15, '2016-01-11', 0);
INSERT INTO `time_table` VALUES (15, '2016-01-12', 0);
INSERT INTO `time_table` VALUES (15, '2016-01-13', 0);
INSERT INTO `time_table` VALUES (15, '2016-01-14', 0);
INSERT INTO `time_table` VALUES (15, '2016-01-15', 0);
INSERT INTO `time_table` VALUES (15, '2016-01-16', 0);
INSERT INTO `time_table` VALUES (15, '2016-01-17', 0);
INSERT INTO `time_table` VALUES (15, '2016-01-18', 0);
INSERT INTO `time_table` VALUES (15, '2016-01-19', 0);
INSERT INTO `time_table` VALUES (15, '2016-01-20', 0);
INSERT INTO `time_table` VALUES (15, '2016-01-21', 0);
INSERT INTO `time_table` VALUES (15, '2016-01-22', 0);
INSERT INTO `time_table` VALUES (15, '2016-01-23', 0);
INSERT INTO `time_table` VALUES (15, '2016-01-24', 0);
INSERT INTO `time_table` VALUES (15, '2016-01-25', 0);
INSERT INTO `time_table` VALUES (15, '2016-01-26', 0);
INSERT INTO `time_table` VALUES (15, '2016-01-27', 0);
INSERT INTO `time_table` VALUES (15, '2016-01-28', 0);
INSERT INTO `time_table` VALUES (15, '2016-01-29', 0);
INSERT INTO `time_table` VALUES (15, '2016-01-30', 15);
INSERT INTO `time_table` VALUES (15, '2016-01-31', 16);
INSERT INTO `time_table` VALUES (15, '2016-02-01', 19);
INSERT INTO `time_table` VALUES (15, '2016-02-02', 16);
INSERT INTO `time_table` VALUES (15, '2016-02-03', 16);
INSERT INTO `time_table` VALUES (15, '2016-02-04', 0);
INSERT INTO `time_table` VALUES (15, '2016-02-05', 0);
INSERT INTO `time_table` VALUES (15, '2016-02-06', 0);
INSERT INTO `time_table` VALUES (15, '2016-02-07', 0);
INSERT INTO `time_table` VALUES (15, '2016-02-08', 0);
INSERT INTO `time_table` VALUES (15, '2016-02-09', 0);
INSERT INTO `time_table` VALUES (15, '2016-02-10', 0);
INSERT INTO `time_table` VALUES (15, '2016-02-11', 0);
INSERT INTO `time_table` VALUES (15, '2016-02-12', 0);
INSERT INTO `time_table` VALUES (15, '2016-02-13', 0);
INSERT INTO `time_table` VALUES (15, '2016-02-14', 0);
INSERT INTO `time_table` VALUES (15, '2016-02-15', 0);
INSERT INTO `time_table` VALUES (15, '2016-02-16', 0);
INSERT INTO `time_table` VALUES (15, '2016-02-17', 0);
INSERT INTO `time_table` VALUES (15, '2016-02-18', 0);
INSERT INTO `time_table` VALUES (15, '2016-02-19', 0);
INSERT INTO `time_table` VALUES (15, '2016-02-20', 0);
INSERT INTO `time_table` VALUES (15, '2016-02-21', 0);
INSERT INTO `time_table` VALUES (15, '2016-03-07', 0);
INSERT INTO `time_table` VALUES (15, '2016-03-08', 0);
INSERT INTO `time_table` VALUES (15, '2016-03-09', 0);
INSERT INTO `time_table` VALUES (15, '2016-03-10', 0);
INSERT INTO `time_table` VALUES (15, '2016-03-11', 0);
INSERT INTO `time_table` VALUES (15, '2016-03-12', 0);
INSERT INTO `time_table` VALUES (15, '2016-03-13', 0);
INSERT INTO `time_table` VALUES (15, '2016-03-28', 0);
INSERT INTO `time_table` VALUES (15, '2016-03-29', 0);
INSERT INTO `time_table` VALUES (15, '2016-03-30', 0);
INSERT INTO `time_table` VALUES (15, '2016-03-31', 0);
INSERT INTO `time_table` VALUES (15, '2016-04-01', 0);
INSERT INTO `time_table` VALUES (15, '2016-04-02', 0);
INSERT INTO `time_table` VALUES (15, '2016-04-03', 0);
INSERT INTO `time_table` VALUES (16, '2015-12-28', 0);
INSERT INTO `time_table` VALUES (16, '2015-12-29', 0);
INSERT INTO `time_table` VALUES (16, '2015-12-30', 0);
INSERT INTO `time_table` VALUES (16, '2015-12-31', 0);
INSERT INTO `time_table` VALUES (16, '2016-01-01', 0);
INSERT INTO `time_table` VALUES (16, '2016-01-02', 0);
INSERT INTO `time_table` VALUES (16, '2016-01-03', 0);
INSERT INTO `time_table` VALUES (16, '2016-01-04', 0);
INSERT INTO `time_table` VALUES (16, '2016-01-05', 0);
INSERT INTO `time_table` VALUES (16, '2016-01-06', 0);
INSERT INTO `time_table` VALUES (16, '2016-01-07', 0);
INSERT INTO `time_table` VALUES (16, '2016-01-08', 0);
INSERT INTO `time_table` VALUES (16, '2016-01-09', 0);
INSERT INTO `time_table` VALUES (16, '2016-01-10', 0);
INSERT INTO `time_table` VALUES (16, '2016-01-11', 0);
INSERT INTO `time_table` VALUES (16, '2016-01-12', 0);
INSERT INTO `time_table` VALUES (16, '2016-01-13', 0);
INSERT INTO `time_table` VALUES (16, '2016-01-14', 0);
INSERT INTO `time_table` VALUES (16, '2016-01-15', 0);
INSERT INTO `time_table` VALUES (16, '2016-01-16', 0);
INSERT INTO `time_table` VALUES (16, '2016-01-17', 0);
INSERT INTO `time_table` VALUES (16, '2016-01-18', 0);
INSERT INTO `time_table` VALUES (16, '2016-01-19', 0);
INSERT INTO `time_table` VALUES (16, '2016-01-20', 0);
INSERT INTO `time_table` VALUES (16, '2016-01-21', 0);
INSERT INTO `time_table` VALUES (16, '2016-01-22', 0);
INSERT INTO `time_table` VALUES (16, '2016-01-23', 0);
INSERT INTO `time_table` VALUES (16, '2016-01-24', 0);
INSERT INTO `time_table` VALUES (16, '2016-01-25', 0);
INSERT INTO `time_table` VALUES (16, '2016-01-26', 0);
INSERT INTO `time_table` VALUES (16, '2016-01-27', 0);
INSERT INTO `time_table` VALUES (16, '2016-01-28', 0);
INSERT INTO `time_table` VALUES (16, '2016-01-29', 0);
INSERT INTO `time_table` VALUES (16, '2016-01-30', 19);
INSERT INTO `time_table` VALUES (16, '2016-01-31', 20);
INSERT INTO `time_table` VALUES (16, '2016-02-01', 0);
INSERT INTO `time_table` VALUES (16, '2016-02-02', 0);
INSERT INTO `time_table` VALUES (16, '2016-02-03', 0);
INSERT INTO `time_table` VALUES (16, '2016-02-04', 0);
INSERT INTO `time_table` VALUES (16, '2016-02-05', 0);
INSERT INTO `time_table` VALUES (16, '2016-02-06', 0);
INSERT INTO `time_table` VALUES (16, '2016-02-07', 0);
INSERT INTO `time_table` VALUES (16, '2016-02-08', 0);
INSERT INTO `time_table` VALUES (16, '2016-02-09', 0);
INSERT INTO `time_table` VALUES (16, '2016-02-10', 0);
INSERT INTO `time_table` VALUES (16, '2016-02-11', 0);
INSERT INTO `time_table` VALUES (16, '2016-02-12', 0);
INSERT INTO `time_table` VALUES (16, '2016-02-13', 0);
INSERT INTO `time_table` VALUES (16, '2016-02-14', 0);
INSERT INTO `time_table` VALUES (16, '2016-02-15', 0);
INSERT INTO `time_table` VALUES (16, '2016-02-16', 0);
INSERT INTO `time_table` VALUES (16, '2016-02-17', 0);
INSERT INTO `time_table` VALUES (16, '2016-02-18', 0);
INSERT INTO `time_table` VALUES (16, '2016-02-19', 0);
INSERT INTO `time_table` VALUES (16, '2016-02-20', 0);
INSERT INTO `time_table` VALUES (16, '2016-02-21', 0);
INSERT INTO `time_table` VALUES (16, '2016-03-07', 0);
INSERT INTO `time_table` VALUES (16, '2016-03-08', 0);
INSERT INTO `time_table` VALUES (16, '2016-03-09', 0);
INSERT INTO `time_table` VALUES (16, '2016-03-10', 0);
INSERT INTO `time_table` VALUES (16, '2016-03-11', 0);
INSERT INTO `time_table` VALUES (16, '2016-03-12', 0);
INSERT INTO `time_table` VALUES (16, '2016-03-13', 0);
INSERT INTO `time_table` VALUES (16, '2016-03-28', 0);
INSERT INTO `time_table` VALUES (16, '2016-03-29', 0);
INSERT INTO `time_table` VALUES (16, '2016-03-30', 0);
INSERT INTO `time_table` VALUES (16, '2016-03-31', 0);
INSERT INTO `time_table` VALUES (16, '2016-04-01', 0);
INSERT INTO `time_table` VALUES (16, '2016-04-02', 0);
INSERT INTO `time_table` VALUES (16, '2016-04-03', 0);
INSERT INTO `time_table` VALUES (17, '2015-12-28', 0);
INSERT INTO `time_table` VALUES (17, '2015-12-29', 0);
INSERT INTO `time_table` VALUES (17, '2015-12-30', 0);
INSERT INTO `time_table` VALUES (17, '2015-12-31', 0);
INSERT INTO `time_table` VALUES (17, '2016-01-01', 0);
INSERT INTO `time_table` VALUES (17, '2016-01-02', 0);
INSERT INTO `time_table` VALUES (17, '2016-01-03', 0);
INSERT INTO `time_table` VALUES (17, '2016-01-04', 0);
INSERT INTO `time_table` VALUES (17, '2016-01-05', 0);
INSERT INTO `time_table` VALUES (17, '2016-01-06', 0);
INSERT INTO `time_table` VALUES (17, '2016-01-07', 0);
INSERT INTO `time_table` VALUES (17, '2016-01-08', 0);
INSERT INTO `time_table` VALUES (17, '2016-01-09', 0);
INSERT INTO `time_table` VALUES (17, '2016-01-10', 0);
INSERT INTO `time_table` VALUES (17, '2016-01-11', 0);
INSERT INTO `time_table` VALUES (17, '2016-01-12', 0);
INSERT INTO `time_table` VALUES (17, '2016-01-13', 0);
INSERT INTO `time_table` VALUES (17, '2016-01-14', 0);
INSERT INTO `time_table` VALUES (17, '2016-01-15', 0);
INSERT INTO `time_table` VALUES (17, '2016-01-16', 0);
INSERT INTO `time_table` VALUES (17, '2016-01-17', 0);
INSERT INTO `time_table` VALUES (17, '2016-01-18', 0);
INSERT INTO `time_table` VALUES (17, '2016-01-19', 0);
INSERT INTO `time_table` VALUES (17, '2016-01-20', 0);
INSERT INTO `time_table` VALUES (17, '2016-01-21', 0);
INSERT INTO `time_table` VALUES (17, '2016-01-22', 0);
INSERT INTO `time_table` VALUES (17, '2016-01-23', 0);
INSERT INTO `time_table` VALUES (17, '2016-01-24', 0);
INSERT INTO `time_table` VALUES (17, '2016-01-25', 0);
INSERT INTO `time_table` VALUES (17, '2016-01-26', 0);
INSERT INTO `time_table` VALUES (17, '2016-01-27', 0);
INSERT INTO `time_table` VALUES (17, '2016-01-28', 0);
INSERT INTO `time_table` VALUES (17, '2016-01-29', 0);
INSERT INTO `time_table` VALUES (17, '2016-01-30', 0);
INSERT INTO `time_table` VALUES (17, '2016-01-31', 0);
INSERT INTO `time_table` VALUES (17, '2016-02-01', 0);
INSERT INTO `time_table` VALUES (17, '2016-02-02', 0);
INSERT INTO `time_table` VALUES (17, '2016-02-03', 0);
INSERT INTO `time_table` VALUES (17, '2016-02-04', 0);
INSERT INTO `time_table` VALUES (17, '2016-02-05', 0);
INSERT INTO `time_table` VALUES (17, '2016-02-06', 0);
INSERT INTO `time_table` VALUES (17, '2016-02-07', 0);
INSERT INTO `time_table` VALUES (17, '2016-02-08', 0);
INSERT INTO `time_table` VALUES (17, '2016-02-09', 0);
INSERT INTO `time_table` VALUES (17, '2016-02-10', 0);
INSERT INTO `time_table` VALUES (17, '2016-02-11', 0);
INSERT INTO `time_table` VALUES (17, '2016-02-12', 0);
INSERT INTO `time_table` VALUES (17, '2016-02-13', 0);
INSERT INTO `time_table` VALUES (17, '2016-02-14', 0);
INSERT INTO `time_table` VALUES (17, '2016-02-15', 0);
INSERT INTO `time_table` VALUES (17, '2016-02-16', 0);
INSERT INTO `time_table` VALUES (17, '2016-02-17', 0);
INSERT INTO `time_table` VALUES (17, '2016-02-18', 0);
INSERT INTO `time_table` VALUES (17, '2016-02-19', 0);
INSERT INTO `time_table` VALUES (17, '2016-02-20', 0);
INSERT INTO `time_table` VALUES (17, '2016-02-21', 0);
INSERT INTO `time_table` VALUES (17, '2016-03-07', 0);
INSERT INTO `time_table` VALUES (17, '2016-03-08', 0);
INSERT INTO `time_table` VALUES (17, '2016-03-09', 0);
INSERT INTO `time_table` VALUES (17, '2016-03-10', 0);
INSERT INTO `time_table` VALUES (17, '2016-03-11', 0);
INSERT INTO `time_table` VALUES (17, '2016-03-12', 0);
INSERT INTO `time_table` VALUES (17, '2016-03-13', 0);
INSERT INTO `time_table` VALUES (17, '2016-03-28', 0);
INSERT INTO `time_table` VALUES (17, '2016-03-29', 0);
INSERT INTO `time_table` VALUES (17, '2016-03-30', 0);
INSERT INTO `time_table` VALUES (17, '2016-03-31', 0);
INSERT INTO `time_table` VALUES (17, '2016-04-01', 0);
INSERT INTO `time_table` VALUES (17, '2016-04-02', 0);
INSERT INTO `time_table` VALUES (17, '2016-04-03', 0);
INSERT INTO `time_table` VALUES (18, '2015-12-28', 0);
INSERT INTO `time_table` VALUES (18, '2015-12-29', 0);
INSERT INTO `time_table` VALUES (18, '2015-12-30', 0);
INSERT INTO `time_table` VALUES (18, '2015-12-31', 0);
INSERT INTO `time_table` VALUES (18, '2016-01-01', 0);
INSERT INTO `time_table` VALUES (18, '2016-01-02', 0);
INSERT INTO `time_table` VALUES (18, '2016-01-03', 0);
INSERT INTO `time_table` VALUES (18, '2016-01-04', 0);
INSERT INTO `time_table` VALUES (18, '2016-01-05', 0);
INSERT INTO `time_table` VALUES (18, '2016-01-06', 0);
INSERT INTO `time_table` VALUES (18, '2016-01-07', 0);
INSERT INTO `time_table` VALUES (18, '2016-01-08', 0);
INSERT INTO `time_table` VALUES (18, '2016-01-09', 0);
INSERT INTO `time_table` VALUES (18, '2016-01-10', 0);
INSERT INTO `time_table` VALUES (18, '2016-01-11', 0);
INSERT INTO `time_table` VALUES (18, '2016-01-12', 0);
INSERT INTO `time_table` VALUES (18, '2016-01-13', 0);
INSERT INTO `time_table` VALUES (18, '2016-01-14', 0);
INSERT INTO `time_table` VALUES (18, '2016-01-15', 0);
INSERT INTO `time_table` VALUES (18, '2016-01-16', 0);
INSERT INTO `time_table` VALUES (18, '2016-01-17', 0);
INSERT INTO `time_table` VALUES (18, '2016-01-18', 0);
INSERT INTO `time_table` VALUES (18, '2016-01-19', 0);
INSERT INTO `time_table` VALUES (18, '2016-01-20', 0);
INSERT INTO `time_table` VALUES (18, '2016-01-21', 0);
INSERT INTO `time_table` VALUES (18, '2016-01-22', 0);
INSERT INTO `time_table` VALUES (18, '2016-01-23', 0);
INSERT INTO `time_table` VALUES (18, '2016-01-24', 0);
INSERT INTO `time_table` VALUES (18, '2016-01-25', 0);
INSERT INTO `time_table` VALUES (18, '2016-01-26', 0);
INSERT INTO `time_table` VALUES (18, '2016-01-27', 0);
INSERT INTO `time_table` VALUES (18, '2016-01-28', 0);
INSERT INTO `time_table` VALUES (18, '2016-01-29', 0);
INSERT INTO `time_table` VALUES (18, '2016-01-30', 0);
INSERT INTO `time_table` VALUES (18, '2016-01-31', 20);
INSERT INTO `time_table` VALUES (18, '2016-02-01', 20);
INSERT INTO `time_table` VALUES (18, '2016-02-02', 0);
INSERT INTO `time_table` VALUES (18, '2016-02-03', 15);
INSERT INTO `time_table` VALUES (18, '2016-02-04', 0);
INSERT INTO `time_table` VALUES (18, '2016-02-05', 0);
INSERT INTO `time_table` VALUES (18, '2016-02-06', 0);
INSERT INTO `time_table` VALUES (18, '2016-02-07', 0);
INSERT INTO `time_table` VALUES (18, '2016-02-08', 0);
INSERT INTO `time_table` VALUES (18, '2016-02-09', 0);
INSERT INTO `time_table` VALUES (18, '2016-02-10', 0);
INSERT INTO `time_table` VALUES (18, '2016-02-11', 0);
INSERT INTO `time_table` VALUES (18, '2016-02-12', 0);
INSERT INTO `time_table` VALUES (18, '2016-02-13', 0);
INSERT INTO `time_table` VALUES (18, '2016-02-14', 0);
INSERT INTO `time_table` VALUES (18, '2016-02-15', 0);
INSERT INTO `time_table` VALUES (18, '2016-02-16', 0);
INSERT INTO `time_table` VALUES (18, '2016-02-17', 0);
INSERT INTO `time_table` VALUES (18, '2016-02-18', 0);
INSERT INTO `time_table` VALUES (18, '2016-02-19', 0);
INSERT INTO `time_table` VALUES (18, '2016-02-20', 0);
INSERT INTO `time_table` VALUES (18, '2016-02-21', 0);
INSERT INTO `time_table` VALUES (18, '2016-03-07', 0);
INSERT INTO `time_table` VALUES (18, '2016-03-08', 0);
INSERT INTO `time_table` VALUES (18, '2016-03-09', 0);
INSERT INTO `time_table` VALUES (18, '2016-03-10', 0);
INSERT INTO `time_table` VALUES (18, '2016-03-11', 0);
INSERT INTO `time_table` VALUES (18, '2016-03-12', 0);
INSERT INTO `time_table` VALUES (18, '2016-03-13', 0);
INSERT INTO `time_table` VALUES (18, '2016-03-28', 0);
INSERT INTO `time_table` VALUES (18, '2016-03-29', 0);
INSERT INTO `time_table` VALUES (18, '2016-03-30', 0);
INSERT INTO `time_table` VALUES (18, '2016-03-31', 0);
INSERT INTO `time_table` VALUES (18, '2016-04-01', 0);
INSERT INTO `time_table` VALUES (18, '2016-04-02', 0);
INSERT INTO `time_table` VALUES (18, '2016-04-03', 0);
INSERT INTO `time_table` VALUES (19, '2015-12-28', 0);
INSERT INTO `time_table` VALUES (19, '2015-12-29', 0);
INSERT INTO `time_table` VALUES (19, '2015-12-30', 0);
INSERT INTO `time_table` VALUES (19, '2015-12-31', 0);
INSERT INTO `time_table` VALUES (19, '2016-01-01', 0);
INSERT INTO `time_table` VALUES (19, '2016-01-02', 0);
INSERT INTO `time_table` VALUES (19, '2016-01-03', 0);
INSERT INTO `time_table` VALUES (19, '2016-01-04', 0);
INSERT INTO `time_table` VALUES (19, '2016-01-05', 0);
INSERT INTO `time_table` VALUES (19, '2016-01-06', 0);
INSERT INTO `time_table` VALUES (19, '2016-01-07', 0);
INSERT INTO `time_table` VALUES (19, '2016-01-08', 0);
INSERT INTO `time_table` VALUES (19, '2016-01-09', 0);
INSERT INTO `time_table` VALUES (19, '2016-01-10', 0);
INSERT INTO `time_table` VALUES (19, '2016-01-11', 0);
INSERT INTO `time_table` VALUES (19, '2016-01-12', 0);
INSERT INTO `time_table` VALUES (19, '2016-01-13', 0);
INSERT INTO `time_table` VALUES (19, '2016-01-14', 0);
INSERT INTO `time_table` VALUES (19, '2016-01-15', 0);
INSERT INTO `time_table` VALUES (19, '2016-01-16', 0);
INSERT INTO `time_table` VALUES (19, '2016-01-17', 0);
INSERT INTO `time_table` VALUES (19, '2016-01-18', 0);
INSERT INTO `time_table` VALUES (19, '2016-01-19', 0);
INSERT INTO `time_table` VALUES (19, '2016-01-20', 0);
INSERT INTO `time_table` VALUES (19, '2016-01-21', 0);
INSERT INTO `time_table` VALUES (19, '2016-01-22', 0);
INSERT INTO `time_table` VALUES (19, '2016-01-23', 0);
INSERT INTO `time_table` VALUES (19, '2016-01-24', 0);
INSERT INTO `time_table` VALUES (19, '2016-01-25', 0);
INSERT INTO `time_table` VALUES (19, '2016-01-26', 0);
INSERT INTO `time_table` VALUES (19, '2016-01-27', 0);
INSERT INTO `time_table` VALUES (19, '2016-01-28', 0);
INSERT INTO `time_table` VALUES (19, '2016-01-29', 0);
INSERT INTO `time_table` VALUES (19, '2016-01-30', 0);
INSERT INTO `time_table` VALUES (19, '2016-01-31', 0);
INSERT INTO `time_table` VALUES (19, '2016-02-01', 16);
INSERT INTO `time_table` VALUES (19, '2016-02-02', 0);
INSERT INTO `time_table` VALUES (19, '2016-02-03', 0);
INSERT INTO `time_table` VALUES (19, '2016-02-04', 0);
INSERT INTO `time_table` VALUES (19, '2016-02-05', 0);
INSERT INTO `time_table` VALUES (19, '2016-02-06', 0);
INSERT INTO `time_table` VALUES (19, '2016-02-07', 0);
INSERT INTO `time_table` VALUES (19, '2016-02-08', 0);
INSERT INTO `time_table` VALUES (19, '2016-02-09', 0);
INSERT INTO `time_table` VALUES (19, '2016-02-10', 0);
INSERT INTO `time_table` VALUES (19, '2016-02-11', 0);
INSERT INTO `time_table` VALUES (19, '2016-02-12', 0);
INSERT INTO `time_table` VALUES (19, '2016-02-13', 0);
INSERT INTO `time_table` VALUES (19, '2016-02-14', 0);
INSERT INTO `time_table` VALUES (19, '2016-02-15', 0);
INSERT INTO `time_table` VALUES (19, '2016-02-16', 0);
INSERT INTO `time_table` VALUES (19, '2016-02-17', 0);
INSERT INTO `time_table` VALUES (19, '2016-02-18', 0);
INSERT INTO `time_table` VALUES (19, '2016-02-19', 0);
INSERT INTO `time_table` VALUES (19, '2016-02-20', 0);
INSERT INTO `time_table` VALUES (19, '2016-02-21', 0);
INSERT INTO `time_table` VALUES (19, '2016-03-07', 0);
INSERT INTO `time_table` VALUES (19, '2016-03-08', 0);
INSERT INTO `time_table` VALUES (19, '2016-03-09', 0);
INSERT INTO `time_table` VALUES (19, '2016-03-10', 0);
INSERT INTO `time_table` VALUES (19, '2016-03-11', 0);
INSERT INTO `time_table` VALUES (19, '2016-03-12', 0);
INSERT INTO `time_table` VALUES (19, '2016-03-13', 0);
INSERT INTO `time_table` VALUES (19, '2016-03-28', 0);
INSERT INTO `time_table` VALUES (19, '2016-03-29', 0);
INSERT INTO `time_table` VALUES (19, '2016-03-30', 0);
INSERT INTO `time_table` VALUES (19, '2016-03-31', 0);
INSERT INTO `time_table` VALUES (19, '2016-04-01', 0);
INSERT INTO `time_table` VALUES (19, '2016-04-02', 0);
INSERT INTO `time_table` VALUES (19, '2016-04-03', 0);
INSERT INTO `time_table` VALUES (31, '2015-12-28', 0);
INSERT INTO `time_table` VALUES (31, '2015-12-29', 0);
INSERT INTO `time_table` VALUES (31, '2015-12-30', 0);
INSERT INTO `time_table` VALUES (31, '2015-12-31', 0);
INSERT INTO `time_table` VALUES (31, '2016-01-01', 0);
INSERT INTO `time_table` VALUES (31, '2016-01-02', 0);
INSERT INTO `time_table` VALUES (31, '2016-01-03', 19);
INSERT INTO `time_table` VALUES (31, '2016-01-04', 0);
INSERT INTO `time_table` VALUES (31, '2016-01-05', 0);
INSERT INTO `time_table` VALUES (31, '2016-01-06', 0);
INSERT INTO `time_table` VALUES (31, '2016-01-07', 0);
INSERT INTO `time_table` VALUES (31, '2016-01-08', 0);
INSERT INTO `time_table` VALUES (31, '2016-01-09', 0);
INSERT INTO `time_table` VALUES (31, '2016-01-10', 0);
INSERT INTO `time_table` VALUES (31, '2016-01-11', 0);
INSERT INTO `time_table` VALUES (31, '2016-01-12', 0);
INSERT INTO `time_table` VALUES (31, '2016-01-13', 0);
INSERT INTO `time_table` VALUES (31, '2016-01-14', 0);
INSERT INTO `time_table` VALUES (31, '2016-01-15', 0);
INSERT INTO `time_table` VALUES (31, '2016-01-16', 0);
INSERT INTO `time_table` VALUES (31, '2016-01-17', 0);
INSERT INTO `time_table` VALUES (31, '2016-01-18', 0);
INSERT INTO `time_table` VALUES (31, '2016-01-19', 0);
INSERT INTO `time_table` VALUES (31, '2016-01-20', 0);
INSERT INTO `time_table` VALUES (31, '2016-01-21', 0);
INSERT INTO `time_table` VALUES (31, '2016-01-22', 0);
INSERT INTO `time_table` VALUES (31, '2016-01-23', 0);
INSERT INTO `time_table` VALUES (31, '2016-01-24', 0);
INSERT INTO `time_table` VALUES (31, '2016-01-25', 0);
INSERT INTO `time_table` VALUES (31, '2016-01-26', 0);
INSERT INTO `time_table` VALUES (31, '2016-01-27', 0);
INSERT INTO `time_table` VALUES (31, '2016-01-28', 0);
INSERT INTO `time_table` VALUES (31, '2016-01-29', 0);
INSERT INTO `time_table` VALUES (31, '2016-01-30', 0);
INSERT INTO `time_table` VALUES (31, '2016-01-31', 0);
INSERT INTO `time_table` VALUES (31, '2016-02-01', 0);
INSERT INTO `time_table` VALUES (31, '2016-02-02', 19);
INSERT INTO `time_table` VALUES (31, '2016-02-03', 16);
INSERT INTO `time_table` VALUES (31, '2016-02-04', 18);
INSERT INTO `time_table` VALUES (31, '2016-02-05', 0);
INSERT INTO `time_table` VALUES (31, '2016-02-06', 0);
INSERT INTO `time_table` VALUES (31, '2016-02-07', 0);
INSERT INTO `time_table` VALUES (31, '2016-02-08', 0);
INSERT INTO `time_table` VALUES (31, '2016-02-09', 0);
INSERT INTO `time_table` VALUES (31, '2016-02-10', 0);
INSERT INTO `time_table` VALUES (31, '2016-02-11', 0);
INSERT INTO `time_table` VALUES (31, '2016-02-12', 0);
INSERT INTO `time_table` VALUES (31, '2016-02-13', 0);
INSERT INTO `time_table` VALUES (31, '2016-02-14', 0);
INSERT INTO `time_table` VALUES (31, '2016-02-15', 0);
INSERT INTO `time_table` VALUES (31, '2016-02-16', 0);
INSERT INTO `time_table` VALUES (31, '2016-02-17', 0);
INSERT INTO `time_table` VALUES (31, '2016-02-18', 0);
INSERT INTO `time_table` VALUES (31, '2016-02-19', 0);
INSERT INTO `time_table` VALUES (31, '2016-02-20', 0);
INSERT INTO `time_table` VALUES (31, '2016-02-21', 0);
INSERT INTO `time_table` VALUES (31, '2016-03-07', 0);
INSERT INTO `time_table` VALUES (31, '2016-03-08', 0);
INSERT INTO `time_table` VALUES (31, '2016-03-09', 0);
INSERT INTO `time_table` VALUES (31, '2016-03-10', 0);
INSERT INTO `time_table` VALUES (31, '2016-03-11', 0);
INSERT INTO `time_table` VALUES (31, '2016-03-12', 0);
INSERT INTO `time_table` VALUES (31, '2016-03-13', 0);
INSERT INTO `time_table` VALUES (31, '2016-03-28', 0);
INSERT INTO `time_table` VALUES (31, '2016-03-29', 0);
INSERT INTO `time_table` VALUES (31, '2016-03-30', 0);
INSERT INTO `time_table` VALUES (31, '2016-03-31', 0);
INSERT INTO `time_table` VALUES (31, '2016-04-01', 0);
INSERT INTO `time_table` VALUES (31, '2016-04-02', 0);
INSERT INTO `time_table` VALUES (31, '2016-04-03', 0);
INSERT INTO `time_table` VALUES (35, '2016-01-30', 0);
INSERT INTO `time_table` VALUES (35, '2016-01-31', 0);
INSERT INTO `time_table` VALUES (35, '2016-02-01', 0);
INSERT INTO `time_table` VALUES (35, '2016-02-02', 0);
INSERT INTO `time_table` VALUES (35, '2016-02-03', 0);
INSERT INTO `time_table` VALUES (35, '2016-02-04', 0);
INSERT INTO `time_table` VALUES (35, '2016-02-05', 0);
INSERT INTO `time_table` VALUES (35, '2016-02-06', 0);
INSERT INTO `time_table` VALUES (35, '2016-02-07', 0);
INSERT INTO `time_table` VALUES (35, '2016-02-08', 0);
INSERT INTO `time_table` VALUES (48, '2015-12-28', 0);
INSERT INTO `time_table` VALUES (48, '2015-12-29', 0);
INSERT INTO `time_table` VALUES (48, '2015-12-30', 0);
INSERT INTO `time_table` VALUES (48, '2015-12-31', 0);
INSERT INTO `time_table` VALUES (48, '2016-01-01', 0);
INSERT INTO `time_table` VALUES (48, '2016-01-02', 0);
INSERT INTO `time_table` VALUES (48, '2016-01-03', 0);

-- --------------------------------------------------------

-- 
-- Table structure for table `workers`
-- 

CREATE TABLE `workers` (
  `id` int(11) NOT NULL AUTO_INCREMENT,
  `username` varchar(20) NOT NULL,
  `password` varchar(20) NOT NULL,
  `team` int(11) NOT NULL,
  `level` int(11) NOT NULL,
  `name` text NOT NULL,
  `team_name` text NOT NULL,
  PRIMARY KEY (`id`)
) ENGINE=InnoDB AUTO_INCREMENT=49 DEFAULT CHARSET=latin1 AUTO_INCREMENT=49 ;

-- 
-- Dumping data for table `workers`
-- 

INSERT INTO `workers` VALUES (1, 'admin', 'admin', 0, 0, 'Bendris Abderrahim', '');
INSERT INTO `workers` VALUES (12, 'Med_Aimra', 'HNcw6xk', 15, 2, 'Aimrani Mohamed', '');
INSERT INTO `workers` VALUES (13, 'Mahmoud_Elbiari', '077893020', 15, 2, 'Mahmoud Biari', '');
INSERT INTO `workers` VALUES (14, 'chtoun', '123456@a', 15, 2, 'Chtoun Zohir', '');
INSERT INTO `workers` VALUES (15, 'bazi', 'gm1@capv', 15, 1, 'Bazi Abdelmonim', 'Team X');
INSERT INTO `workers` VALUES (16, 'medo.amallah@gmail.c', 'open123456', 15, 2, 'Mohamed AMALLAH', '');
INSERT INTO `workers` VALUES (17, 'izerfane', 'Underground', 17, 1, 'abdelAziz Izerfane', 'Team Y');
INSERT INTO `workers` VALUES (18, 'chellaf_hassan', 'account++', 17, 2, 'chellaf hassan', '');
INSERT INTO `workers` VALUES (19, 'alemrani-H', 'Azmah1235', 17, 2, 'hamza alemrani', '');
INSERT INTO `workers` VALUES (31, 'gg', 'capvalue2016', 31, 1, 'Issam Akalai', 'TeamZ');
